{"value": [{"code": "AFG", "name": "Afghanistan", "capital": "Kabul", "region": "Middle East, North Africa, Afghanistan & Pakistan", "income_level": "Low income", "source": "worldbank"}, {"code": "AFR", "name": "Africa", "capital": "", "region": "Aggregates", "income_level": "Aggregates", "source": "worldbank"}, {"code": "AFE", "name": "Africa Eastern and Southern", "capital": "", "region": "Aggregates", "income_level": "Aggregates", "source": "worldbank"}, {"code": "AFW", "name": "Africa Western and Central", "capital": "", "region": "Aggregates", "income_level": "Aggregates", "source": "worldbank"}, {"code": "ALB", "name": "Albania", "capital": "Tirane", "region": "Europe & Central Asia", "income_level": "Upper middle income", "source": "worldbank"}, {"code": "DZA", "name": "Algeria", "capital": "Algiers", "region": "Middle East, North Africa, Afghanistan & Pakistan", "income_level": "Upper middle income", "source": "worldbank"}, {"code": "ASM", "name": "American Samoa", "capital": "Pago Pago", "region": "East Asia & Pacific", "income_level": "High income", "source": "worldbank"}, {"code": "AND", "name": "Andorra", "capital": "Andorra la Vella", "region": "Europe & Central Asia", "income_level": "High income", "source": "worldbank"}, {"code": "AGO", "name": "Angola", "capital": "Luanda", "region": "Sub-Saharan Africa ", "income_level": "Lower middle income", "source": "worldbank"}, {"code": "AIA", "name": "Anguilla", "region": "Americas", "source": "who"}, {"code": "ATG", "name": "Antigua and Barbuda", "capital": "Saint John's", "region": "Latin America & Caribbean ", "income_level": "High income", "source": "worldbank"}, {"code": "ARB", "name": "Arab World", "capital": "", "region": "Aggregates", "income_level": "Aggregates", "source": "worldbank"}, {"code": "ARG", "name": "Argentina", "capital": "Buenos Aires", "region": "Latin America & Caribbean ", "income_level": "Upper middle income", "source": "worldbank"}, {"code": "ARM", "name": "Armenia", "capital": "Yerevan", "region": "Europe & Central Asia", "income_level": "Upper middle income", "source": "worldbank"}, {"code": "ABW", "name": "Aruba", "capital": "Oranjestad", "region": "Latin America & Caribbean ", "income_level": "High income", "source": "worldbank"}, {"code": "AUS", "name": "Australia", "capital": "Canberra", "region": "East Asia & Pacific", "income_level": "High income", "source": "worldbank"}, {"code": "AUT", "name": "Austria", "capital": "Vienna", "region": "Europe & Central Asia", "income_level": "High income", "source": "worldbank"}, {"code": "AZE", "name": "Azerbaijan", "capital": "Baku", "region": "Europe & Central Asia", "income_level": "Upper middle income", "source": "worldbank"}, {"code": "BHS", "name": "Bahamas, The", "capital": "Nassau", "region": "Latin America & Caribbean ", "income_level": "High income", "source": "worldbank"}, {"code": "BHR", "name": "Bahrain", "capital": "Manama", "region": "Middle East, North Africa, Afghanistan & Pakistan", "income_level": "High income", "source": "worldbank"}, {"code": "BGD", "name": "Bangladesh", "capital": "Dhaka", "region": "South Asia", "income_level": "Lower middle income", "source": "worldbank"}, {"code": "BRB", "name": "Barbados", "capital": "Bridgetown", "region": "Latin America & Caribbean ", "income_level": "High income", "source": "worldbank"}, {"code": "BLR", "name": "Belarus", "capital": "Minsk", "region": "Europe & Central Asia", "income_level": "Upper middle income", "source": "worldbank"}, {"code": "BEL", "name": "Belgium", "capital": "Brussels", "region": "Europe & Central Asia", "income_level": "High income", "source": "worldbank"}, {"code": "BLZ", "name": "Belize", "capital": "Belmopan", "region": "Latin America & Caribbean ", "income_level": "Upper middle income", "source": "worldbank"}, {"code": "BEN", "name": "Benin", "capital": "Porto-Novo", "region": "Sub-Saharan Africa ", "income_level": "Lower middle income", "source": "worldbank"}, {"code": "BMU", "name": "Bermuda", "capital": "Hamilton", "region": "North America", "income_level": "High income", "source": "worldbank"}, {"code": "BTN", "name": "Bhutan", "capital": "Thimphu", "region": "South Asia", "income_level": "Lower middle income", "source": "worldbank"}, {"code": "BOL", "name": "Bolivia", "capital": "La Paz", "region": "Latin America & Caribbean ", "income_level": "Lower middle income", "source": "worldbank"}, {"code": "BES", "name": "Bonaire, Saint Eustatius and Saba", "region": "Americas", "source": "who"}, {"code": "BIH", "name": "Bosnia and Herzegovina", "capital": "Sarajevo", "region": "Europe & Central Asia", "income_level": "Upper middle income", "source": "worldbank"}, {"code": "BWA", "name": "Botswana", "capital": "Gaborone", "region": "Sub-Saharan Africa ", "income_level": "Upper middle income", "source": "worldbank"}, {"code": "BRA", "name": "Brazil", "capital": "Brasilia", "region": "Latin America & Caribbean ", "income_level": "Upper middle income", "source": "worldbank"}, {"code": "VGB", "name": "British Virgin Islands", "capital": "Road Town", "region": "Latin America & Caribbean ", "income_level": "High income", "source": "worldbank"}, {"code": "BRN", "name": "Brunei Darussalam", "capital": "Bandar Seri Begawan", "region": "East Asia & Pacific", "income_level": "High income", "source": "worldbank"}, {"code": "BGR", "name": "Bulgaria", "capital": "Sofia", "region": "Europe & Central Asia", "income_level": "High income", "source": "worldbank"}, {"code": "BFA", "name": "Burkina Faso", "capital": "Ouagadougou", "region": "Sub-Saharan Africa ", "income_level": "Low income", "source": "worldbank"}, {"code": "BDI", "name": "Burundi", "capital": "Bujumbura", "region": "Sub-Saharan Africa ", "income_level": "Low income", "source": "worldbank"}, {"code": "CPV", "name": "Cabo Verde", "capital": "Praia", "region": "Sub-Saharan Africa ", "income_level": "Upper middle income", "source": "worldbank"}, {"code": "KHM", "name": "Cambodia", "capital": "Phnom Penh", "region": "East Asia & Pacific", "income_level": "Lower middle income", "source": "worldbank"}, {"code": "CMR", "name": "Cameroon", "capital": "Yaounde", "region": "Sub-Saharan Africa ", "income_level": "Lower middle income", "source": "worldbank"}, {"code": "CAN", "name": "Canada", "capital": "Ottawa", "region": "North America", "income_level": "High income", "source": "worldbank"}, {"code": "CSS", "name": "Caribbean small states", "capital": "", "region": "Aggregates", "income_level": "Aggregates", "source": "worldbank"}, {"code": "CYM", "name": "Cayman Islands", "capital": "George Town", "region": "Latin America & Caribbean ", "income_level": "High income", "source": "worldbank"}, {"code": "CAF", "name": "Central African Republic", "capital": "Bangui", "region": "Sub-Saharan Africa ", "income_level": "Low income", "source": "worldbank"}, {"code": "CEB", "name": "Central Europe and the Baltics", "capital": "", "region": "Aggregates", "income_level": "Aggregates", "source": "worldbank"}, {"code": "TCD", "name": "Chad", "capital": "N'Djamena", "region": "Sub-Saharan Africa ", "income_level": "Low income", "source": "worldbank"}, {"code": "CHI", "name": "Channel Islands", "capital": "", "region": "Europe & Central Asia", "income_level": "High income", "source": "worldbank"}, {"code": "CHL", "name": "Chile", "capital": "Santiago", "region": "Latin America & Caribbean ", "income_level": "High income", "source": "worldbank"}, {"code": "CHN", "name": "China", "capital": "Beijing", "region": "East Asia & Pacific", "income_level": "Upper middle income", "source": "worldbank"}, {"code": "COL", "name": "Colombia", "capital": "Bogota", "region": "Latin America & Caribbean ", "income_level": "Upper middle income", "source": "worldbank"}, {"code": "COM", "name": "Comoros", "capital": "Moroni", "region": "Sub-Saharan Africa ", "income_level": "Lower middle income", "source": "worldbank"}, {"code": "COD", "name": "Congo, Dem. Rep.", "capital": "Kinshasa", "region": "Sub-Saharan Africa ", "income_level": "Low income", "source": "worldbank"}, {"code": "COG", "name": "Congo, Rep.", "capital": "Brazzaville", "region": "Sub-Saharan Africa ", "income_level": "Lower middle income", "source": "worldbank"}, {"code": "COK", "name": "Cook Islands", "region": "Western Pacific", "source": "who"}, {"code": "CRI", "name": "Costa Rica", "capital": "San Jose", "region": "Latin America & Caribbean ", "income_level": "High income", "source": "worldbank"}, {"code": "CIV", "name": "Cote d'Ivoire", "capital": "Yamoussoukro", "region": "Sub-Saharan Africa ", "income_level": "Lower middle income", "source": "worldbank"}, {"code": "HRV", "name": "Croatia", "capital": "Zagreb", "region": "Europe & Central Asia", "income_level": "High income", "source": "worldbank"}, {"code": "CUB", "name": "Cuba", "capital": "Havana", "region": "Latin America & Caribbean ", "income_level": "Upper middle income", "source": "worldbank"}, {"code": "CUW", "name": "Curacao", "capital": "Willemstad", "region": "Latin America & Caribbean ", "income_level": "High income", "source": "worldbank"}, {"code": "CYP", "name": "Cyprus", "capital": "Nicosia", "region": "Europe & Central Asia", "income_level": "High income", "source": "worldbank"}, {"code": "CZE", "name": "Czechia", "capital": "Prague", "region": "Europe & Central Asia", "income_level": "High income", "source": "worldbank"}, {"code": "DNK", "name": "Denmark", "capital": "Copenhagen", "region": "Europe & Central Asia", "income_level": "High income", "source": "worldbank"}, {"code": "DJI", "name": "Djibouti", "capital": "Djibouti", "region": "Middle East, North Africa, Afghanistan & Pakistan", "income_level": "Lower middle income", "source": "worldbank"}, {"code": "DMA", "name": "Dominica", "capital": "Roseau", "region": "Latin America & Caribbean ", "income_level": "Upper middle income", "source": "worldbank"}, {"code": "DOM", "name": "Dominican Republic", "capital": "Santo Domingo", "region": "Latin America & Caribbean ", "income_level": "Upper middle income", "source": "worldbank"}, {"code": "EAR", "name": "Early-demographic dividend", "capital": "", "region": "Aggregates", "income_level": "Aggregates", "source": "worldbank"}, {"code": "EAS", "name": "East Asia & Pacific", "capital": "", "region": "Aggregates", "income_level": "Aggregates", "source": "worldbank"}, {"code": "BEA", "name": "East Asia & Pacific (IBRD-only countries)", "capital": "", "region": "Aggregates", "income_level": "Aggregates", "source": "worldbank"}, {"code": "TEA", "name": "East Asia & Pacific (IDA & IBRD countries)", "capital": "", "region": "Aggregates", "income_level": "Aggregates", "source": "worldbank"}, {"code": "DEA", "name": "East Asia & Pacific (IDA-eligible countries)", "capital": "", "region": "Aggregates", "income_level": "Aggregates", "source": "worldbank"}, {"code": "EAP", "name": "East Asia & Pacific (excluding high income)", "capital": "", "region": "Aggregates", "income_level": "Aggregates", "source": "worldbank"}, {"code": "CEA", "name": "East Asia and the Pacific (IFC classification)", "capital": "", "region": "Aggregates", "income_level": "Aggregates", "source": "worldbank"}, {"code": "ECU", "name": "Ecuador", "capital": "Quito", "region": "Latin America & Caribbean ", "income_level": "Upper middle income", "source": "worldbank"}, {"code": "EGY", "name": "Egypt, Arab Rep.", "capital": "Cairo", "region": "Middle East, North Africa, Afghanistan & Pakistan", "income_level": "Lower middle income", "source": "worldbank"}, {"code": "SLV", "name": "El Salvador", "capital": "San Salvador", "region": "Latin America & Caribbean ", "income_level": "Upper middle income", "source": "worldbank"}, {"code": "GNQ", "name": "Equatorial Guinea", "capital": "Malabo", "region": "Sub-Saharan Africa ", "income_level": "Upper middle income", "source": "worldbank"}, {"code": "ERI", "name": "Eritrea", "capital": "Asmara", "region": "Sub-Saharan Africa ", "income_level": "Low income", "source": "worldbank"}, {"code": "EST", "name": "Estonia", "capital": "Tallinn", "region": "Europe & Central Asia", "income_level": "High income", "source": "worldbank"}, {"code": "SWZ", "name": "Eswatini", "capital": "Mbabane", "region": "Sub-Saharan Africa ", "income_level": "Lower middle income", "source": "worldbank"}, {"code": "ETH", "name": "Ethiopia", "capital": "Addis Ababa", "region": "Sub-Saharan Africa ", "income_level": "Not classified", "source": "worldbank"}, {"code": "EMU", "name": "Euro area", "capital": "", "region": "Aggregates", "income_level": "Aggregates", "source": "worldbank"}, {"code": "ECS", "name": "Europe & Central Asia", "capital": "", "region": "Aggregates", "income_level": "Aggregates", "source": "worldbank"}, {"code": "BEC", "name": "Europe & Central Asia (IBRD-only countries)", "capital": "", "region": "Aggregates", "income_level": "Aggregates", "source": "worldbank"}, {"code": "TEC", "name": "Europe & Central Asia (IDA & IBRD countries)", "capital": "", "region": "Aggregates", "income_level": "Aggregates", "source": "worldbank"}, {"code": "DEC", "name": "Europe & Central Asia (IDA-eligible countries)", "capital": "", "region": "Aggregates", "income_level": "Aggregates", "source": "worldbank"}, {"code": "ECA", "name": "Europe & Central Asia (excluding high income)", "capital": "", "region": "Aggregates", "income_level": "Aggregates", "source": "worldbank"}, {"code": "CEU", "name": "Europe and Central Asia (IFC classification)", "capital": "", "region": "Aggregates", "income_level": "Aggregates", "source": "worldbank"}, {"code": "EUU", "name": "European Union", "capital": "", "region": "Aggregates", "income_level": "Aggregates", "source": "worldbank"}, {"code": "FLK", "name": "Falkland Islands (Malvinas)", "region": "Americas", "source": "who"}, {"code": "FRO", "name": "Faroe Islands", "capital": "Torshavn", "region": "Europe & Central Asia", "income_level": "High income", "source": "worldbank"}, {"code": "FJI", "name": "Fiji", "capital": "Suva", "region": "East Asia & Pacific", "income_level": "Upper middle income", "source": "worldbank"}, {"code": "FIN", "name": "Finland", "capital": "Helsinki", "region": "Europe & Central Asia", "income_level": "High income", "source": "worldbank"}, {"code": "FCS", "name": "Fragile and conflict affected situations", "capital": "", "region": "Aggregates", "income_level": "Aggregates", "source": "worldbank"}, {"code": "FRA", "name": "France", "capital": "Paris", "region": "Europe & Central Asia", "income_level": "High income", "source": "worldbank"}, {"code": "GUF", "name": "French Guiana", "region": "Americas", "source": "who"}, {"code": "PYF", "name": "French Polynesia", "capital": "Papeete", "region": "East Asia & Pacific", "income_level": "High income", "source": "worldbank"}, {"code": "GAB", "name": "Gabon", "capital": "Libreville", "region": "Sub-Saharan Africa ", "income_level": "Upper middle income", "source": "worldbank"}, {"code": "GMB", "name": "Gambia, The", "capital": "Banjul", "region": "Sub-Saharan Africa ", "income_level": "Low income", "source": "worldbank"}, {"code": "GEO", "name": "Georgia", "capital": "Tbilisi", "region": "Europe & Central Asia", "income_level": "Upper middle income", "source": "worldbank"}, {"code": "DEU", "name": "Germany", "capital": "Berlin", "region": "Europe & Central Asia", "income_level": "High income", "source": "worldbank"}, {"code": "GHA", "name": "Ghana", "capital": "Accra", "region": "Sub-Saharan Africa ", "income_level": "Lower middle income", "source": "worldbank"}, {"code": "GIB", "name": "Gibraltar", "capital": "", "region": "Europe & Central Asia", "income_level": "High income", "source": "worldbank"}, {"code": "GRC", "name": "Greece", "capital": "Athens", "region": "Europe & Central Asia", "income_level": "High income", "source": "worldbank"}, {"code": "GRL", "name": "Greenland", "capital": "Nuuk", "region": "Europe & Central Asia", "income_level": "High income", "source": "worldbank"}, {"code": "GRD", "name": "Grenada", "capital": "Saint George's", "region": "Latin America & Caribbean ", "income_level": "Upper middle income", "source": "worldbank"}, {"code": "GLP", "name": "Guadeloupe", "region": "Americas", "source": "who"}, {"code": "GUM", "name": "Guam", "capital": "Agana", "region": "East Asia & Pacific", "income_level": "High income", "source": "worldbank"}, {"code": "GTM", "name": "Guatemala", "capital": "Guatemala City", "region": "Latin America & Caribbean ", "income_level": "Upper middle income", "source": "worldbank"}, {"code": "GIN", "name": "Guinea", "capital": "Conakry", "region": "Sub-Saharan Africa ", "income_level": "Lower middle income", "source": "worldbank"}, {"code": "GNB", "name": "Guinea-Bissau", "capital": "Bissau", "region": "Sub-Saharan Africa ", "income_level": "Low income", "source": "worldbank"}, {"code": "GUY", "name": "Guyana", "capital": "Georgetown", "region": "Latin America & Caribbean ", "income_level": "High income", "source": "worldbank"}, {"code": "HTI", "name": "Haiti", "capital": "Port-au-Prince", "region": "Latin America & Caribbean ", "income_level": "Lower middle income", "source": "worldbank"}, {"code": "HPC", "name": "Heavily indebted poor countries (HIPC)", "capital": "", "region": "Aggregates", "income_level": "Aggregates", "source": "worldbank"}, {"code": "HIC", "name": "High income", "capital": "", "region": "Aggregates", "income_level": "Aggregates", "source": "worldbank"}, {"code": "HND", "name": "Honduras", "capital": "Tegucigalpa", "region": "Latin America & Caribbean ", "income_level": "Lower middle income", "source": "worldbank"}, {"code": "HKG", "name": "Hong Kong SAR, China", "capital": "", "region": "East Asia & Pacific", "income_level": "High income", "source": "worldbank"}, {"code": "HUN", "name": "Hungary", "capital": "Budapest", "region": "Europe & Central Asia", "income_level": "High income", "source": "worldbank"}, {"code": "BHI", "name": "IBRD countries classified as high income", "capital": "", "region": "Aggregates", "income_level": "Aggregates", "source": "worldbank"}, {"code": "IBD", "name": "IBRD only", "capital": "", "region": "Aggregates", "income_level": "Aggregates", "source": "worldbank"}, {"code": "IBB", "name": "IBRD, including blend", "capital": "", "region": "Aggregates", "income_level": "Aggregates", "source": "worldbank"}, {"code": "IBT", "name": "IDA & IBRD total", "capital": "", "region": "Aggregates", "income_level": "Aggregates", "source": "worldbank"}, {"code": "IDB", "name": "IDA blend", "capital": "", "region": "Aggregates", "income_level": "Aggregates", "source": "worldbank"}, {"code": "FXS", "name": "IDA countries classified as fragile situations, excluding Sub-Saharan Africa", "capital": "", "region": "Aggregates", "income_level": "Aggregates", "source": "worldbank"}, {"code": "DSF", "name": "IDA countries in Sub-Saharan Africa classified as fragile situations ", "capital": "", "region": "Aggregates", "income_level": "Aggregates", "source": "worldbank"}, {"code": "DNS", "name": "IDA countries in Sub-Saharan Africa not classified as fragile situations ", "capital": "", "region": "Aggregates", "income_level": "Aggregates", "source": "worldbank"}, {"code": "NXS", "name": "IDA countries not classified as fragile situations, excluding Sub-Saharan Africa", "capital": "", "region": "Aggregates", "income_level": "Aggregates", "source": "worldbank"}, {"code": "IDX", "name": "IDA only", "capital": "", "region": "Aggregates", "income_level": "Aggregates", "source": "worldbank"}, {"code": "IDA", "name": "IDA total", "capital": "", "region": "Aggregates", "income_level": "Aggregates", "source": "worldbank"}, {"code": "ISL", "name": "Iceland", "capital": "Reykjavik", "region": "Europe & Central Asia", "income_level": "High income", "source": "worldbank"}, {"code": "IND", "name": "India", "capital": "New Delhi", "region": "South Asia", "income_level": "Lower middle income", "source": "worldbank"}, {"code": "IDN", "name": "Indonesia", "capital": "Jakarta", "region": "East Asia & Pacific", "income_level": "Upper middle income", "source": "worldbank"}, {"code": "IRN", "name": "Iran, Islamic Rep.", "capital": "Tehran", "region": "Middle East, North Africa, Afghanistan & Pakistan", "income_level": "Upper middle income", "source": "worldbank"}, {"code": "IRQ", "name": "Iraq", "capital": "Baghdad", "region": "Middle East, North Africa, Afghanistan & Pakistan", "income_level": "Upper middle income", "source": "worldbank"}, {"code": "IRL", "name": "Ireland", "capital": "Dublin", "region": "Europe & Central Asia", "income_level": "High income", "source": "worldbank"}, {"code": "IMN", "name": "Isle of Man", "capital": "Douglas", "region": "Europe & Central Asia", "income_level": "High income", "source": "worldbank"}, {"code": "ISR", "name": "Israel", "capital": "", "region": "Middle East, North Africa, Afghanistan & Pakistan", "income_level": "High income", "source": "worldbank"}, {"code": "ITA", "name": "Italy", "capital": "Rome", "region": "Europe & Central Asia", "income_level": "High income", "source": "worldbank"}, {"code": "JAM", "name": "Jamaica", "capital": "Kingston", "region": "Latin America & Caribbean ", "income_level": "Upper middle income", "source": "worldbank"}, {"code": "JPN", "name": "Japan", "capital": "Tokyo", "region": "East Asia & Pacific", "income_level": "High income", "source": "worldbank"}, {"code": "JOR", "name": "Jordan", "capital": "Amman", "region": "Middle East, North Africa, Afghanistan & Pakistan", "income_level": "Lower middle income", "source": "worldbank"}, {"code": "KAZ", "name": "Kazakhstan", "capital": "Astana", "region": "Europe & Central Asia", "income_level": "Upper middle income", "source": "worldbank"}, {"code": "KEN", "name": "Kenya", "capital": "Nairobi", "region": "Sub-Saharan Africa ", "income_level": "Lower middle income", "source": "worldbank"}, {"code": "KIR", "name": "Kiribati", "capital": "Tarawa", "region": "East Asia & Pacific", "income_level": "Lower middle income", "source": "worldbank"}, {"code": "PRK", "name": "Korea, Dem. People's Rep.", "capital": "Pyongyang", "region": "East Asia & Pacific", "income_level": "Low income", "source": "worldbank"}, {"code": "KOR", "name": "Korea, Rep.", "capital": "Seoul", "region": "East Asia & Pacific", "income_level": "High income", "source": "worldbank"}, {"code": "XKX", "name": "Kosovo", "capital": "Pristina", "region": "Europe & Central Asia", "income_level": "Upper middle income", "source": "worldbank"}, {"code": "KWT", "name": "Kuwait", "capital": "Kuwait City", "region": "Middle East, North Africa, Afghanistan & Pakistan", "income_level": "High income", "source": "worldbank"}, {"code": "KGZ", "name": "Kyrgyz Republic", "capital": "Bishkek", "region": "Europe & Central Asia", "income_level": "Lower middle income", "source": "worldbank"}, {"code": "LAO", "name": "Lao PDR", "capital": "Vientiane", "region": "East Asia & Pacific", "income_level": "Lower middle income", "source": "worldbank"}, {"code": "LTE", "name": "Late-demographic dividend", "capital": "", "region": "Aggregates", "income_level": "Aggregates", "source": "worldbank"}, {"code": "LCN", "name": "Latin America & Caribbean ", "capital": "", "region": "Aggregates", "income_level": "Aggregates", "source": "worldbank"}, {"code": "LAC", "name": "Latin America & Caribbean (excluding high income)", "capital": "", "region": "Aggregates", "income_level": "Aggregates", "source": "worldbank"}, {"code": "BLA", "name": "Latin America & the Caribbean (IBRD-only countries)", "capital": "", "region": "Aggregates", "income_level": "Aggregates", "source": "worldbank"}, {"code": "TLA", "name": "Latin America & the Caribbean (IDA & IBRD countries)", "capital": "", "region": "Aggregates", "income_level": "Aggregates", "source": "worldbank"}, {"code": "DLA", "name": "Latin America & the Caribbean (IDA-eligible countries)", "capital": "", "region": "Aggregates", "income_level": "Aggregates", "source": "worldbank"}, {"code": "CLA", "name": "Latin America and the Caribbean (IFC classification)", "capital": "", "region": "Aggregates", "income_level": "Aggregates", "source": "worldbank"}, {"code": "LVA", "name": "Latvia", "capital": "Riga", "region": "Europe & Central Asia", "income_level": "High income", "source": "worldbank"}, {"code": "LDC", "name": "Least developed countries: UN classification", "capital": "", "region": "Aggregates", "income_level": "Aggregates", "source": "worldbank"}, {"code": "LBN", "name": "Lebanon", "capital": "Beirut", "region": "Middle East, North Africa, Afghanistan & Pakistan", "income_level": "Lower middle income", "source": "worldbank"}, {"code": "LSO", "name": "Lesotho", "capital": "Maseru", "region": "Sub-Saharan Africa ", "income_level": "Lower middle income", "source": "worldbank"}, {"code": "LBR", "name": "Liberia", "capital": "Monrovia", "region": "Sub-Saharan Africa ", "income_level": "Low income", "source": "worldbank"}, {"code": "LBY", "name": "Libya", "capital": "Tripoli", "region": "Middle East, North Africa, Afghanistan & Pakistan", "income_level": "Upper middle income", "source": "worldbank"}, {"code": "LIE", "name": "Liechtenstein", "capital": "Vaduz", "region": "Europe & Central Asia", "income_level": "High income", "source": "worldbank"}, {"code": "LTU", "name": "Lithuania", "capital": "Vilnius", "region": "Europe & Central Asia", "income_level": "High income", "source": "worldbank"}, {"code": "LMY", "name": "Low & middle income", "capital": "", "region": "Aggregates", "income_level": "Aggregates", "source": "worldbank"}, {"code": "LIC", "name": "Low income", "capital": "", "region": "Aggregates", "income_level": "Aggregates", "source": "worldbank"}, {"code": "LMC", "name": "Lower middle income", "capital": "", "region": "Aggregates", "income_level": "Aggregates", "source": "worldbank"}, {"code": "LUX", "name": "Luxembourg", "capital": "Luxembourg", "region": "Europe & Central Asia", "income_level": "High income", "source": "worldbank"}, {"code": "MAC", "name": "Macao SAR, China", "capital": "", "region": "East Asia & Pacific", "income_level": "High income", "source": "worldbank"}, {"code": "MDG", "name": "Madagascar", "capital": "Antananarivo", "region": "Sub-Saharan Africa ", "income_level": "Low income", "source": "worldbank"}, {"code": "MWI", "name": "Malawi", "capital": "Lilongwe", "region": "Sub-Saharan Africa ", "income_level": "Low income", "source": "worldbank"}, {"code": "MYS", "name": "Malaysia", "capital": "Kuala Lumpur", "region": "East Asia & Pacific", "income_level": "Upper middle income", "source": "worldbank"}, {"code": "MDV", "name": "Maldives", "capital": "Male", "region": "South Asia", "income_level": "Upper middle income", "source": "worldbank"}, {"code": "MLI", "name": "Mali", "capital": "Bamako", "region": "Sub-Saharan Africa ", "income_level": "Low income", "source": "worldbank"}, {"code": "MLT", "name": "Malta", "capital": "Valletta", "region": "Middle East, North Africa, Afghanistan & Pakistan", "income_level": "High income", "source": "worldbank"}, {"code": "MHL", "name": "Marshall Islands", "capital": "Majuro", "region": "East Asia & Pacific", "income_level": "Upper middle income", "source": "worldbank"}, {"code": "MTQ", "name": "Martinique", "region": "Americas", "source": "who"}, {"code": "MRT", "name": "Mauritania", "capital": "Nouakchott", "region": "Sub-Saharan Africa ", "income_level": "Lower middle income", "source": "worldbank"}, {"code": "MUS", "name": "Mauritius", "capital": "Port Louis", "region": "Sub-Saharan Africa ", "income_level": "Upper middle income", "source": "worldbank"}, {"code": "MYT", "name": "Mayotte", "region": "Africa", "source": "who"}, {"code": "MEX", "name": "Mexico", "capital": "Mexico City", "region": "Latin America & Caribbean ", "income_level": "Upper middle income", "source": "worldbank"}, {"code": "FSM", "name": "Micronesia, Fed. Sts.", "capital": "Palikir", "region": "East Asia & Pacific", "income_level": "Lower middle income", "source": "worldbank"}, {"code": "MDE", "name": "Middle East (developing only)", "capital": "", "region": "Aggregates", "income_level": "Aggregates", "source": "worldbank"}, {"code": "CME", "name": "Middle East and North Africa (IFC classification)", "capital": "", "region": "Aggregates", "income_level": "Aggregates", "source": "worldbank"}, {"code": "MEA", "name": "Middle East, North Africa, Afghanistan & Pakistan", "capital": "", "region": "Aggregates", "income_level": "Aggregates", "source": "worldbank"}, {"code": "BMN", "name": "Middle East, North Africa, Afghanistan & Pakistan (IBRD only)", "capital": "", "region": "Aggregates", "income_level": "Aggregates", "source": "worldbank"}, {"code": "TMN", "name": "Middle East, North Africa, Afghanistan & Pakistan (IDA & IBRD)", "capital": "", "region": "Aggregates", "income_level": "Aggregates", "source": "worldbank"}, {"code": "DMN", "name": "Middle East, North Africa, Afghanistan & Pakistan (IDA total)", "capital": "", "region": "Aggregates", "income_level": "Aggregates", "source": "worldbank"}, {"code": "MNA", "name": "Middle East, North Africa, Afghanistan & Pakistan (excluding high income)", "capital": "", "region": "Aggregates", "income_level": "Aggregates", "source": "worldbank"}, {"code": "MIC", "name": "Middle income", "capital": "", "region": "Aggregates", "income_level": "Aggregates", "source": "worldbank"}, {"code": "MDA", "name": "Moldova", "capital": "Chisinau", "region": "Europe & Central Asia", "income_level": "Upper middle income", "source": "worldbank"}, {"code": "MCO", "name": "Monaco", "capital": "Monaco", "region": "Europe & Central Asia", "income_level": "High income", "source": "worldbank"}, {"code": "MNG", "name": "Mongolia", "capital": "Ulaanbaatar", "region": "East Asia & Pacific", "income_level": "Upper middle income", "source": "worldbank"}, {"code": "MNE", "name": "Montenegro", "capital": "Podgorica", "region": "Europe & Central Asia", "income_level": "Upper middle income", "source": "worldbank"}, {"code": "MSR", "name": "Montserrat", "region": "Americas", "source": "who"}, {"code": "MAR", "name": "Morocco", "capital": "Rabat", "region": "Middle East, North Africa, Afghanistan & Pakistan", "income_level": "Lower middle income", "source": "worldbank"}, {"code": "MOZ", "name": "Mozambique", "capital": "Maputo", "region": "Sub-Saharan Africa ", "income_level": "Low income", "source": "worldbank"}, {"code": "MMR", "name": "Myanmar", "capital": "Naypyidaw", "region": "East Asia & Pacific", "income_level": "Lower middle income", "source": "worldbank"}, {"code": "NAM", "name": "Namibia", "capital": "Windhoek", "region": "Sub-Saharan Africa ", "income_level": "Lower middle income", "source": "worldbank"}, {"code": "NRU", "name": "Nauru", "capital": "Yaren District", "region": "East Asia & Pacific", "income_level": "High income", "source": "worldbank"}, {"code": "NPL", "name": "Nepal", "capital": "Kathmandu", "region": "South Asia", "income_level": "Lower middle income", "source": "worldbank"}, {"code": "NLD", "name": "Netherlands", "capital": "Amsterdam", "region": "Europe & Central Asia", "income_level": "High income", "source": "worldbank"}, {"code": "NCL", "name": "New Caledonia", "capital": "Noum'ea", "region": "East Asia & Pacific", "income_level": "High income", "source": "worldbank"}, {"code": "NZL", "name": "New Zealand", "capital": "Wellington", "region": "East Asia & Pacific", "income_level": "High income", "source": "worldbank"}, {"code": "NIC", "name": "Nicaragua", "capital": "Managua", "region": "Latin America & Caribbean ", "income_level": "Lower middle income", "source": "worldbank"}, {"code": "NER", "name": "Niger", "capital": "Niamey", "region": "Sub-Saharan Africa ", "income_level": "Low income", "source": "worldbank"}, {"code": "NGA", "name": "Nigeria", "capital": "Abuja", "region": "Sub-Saharan Africa ", "income_level": "Lower middle income", "source": "worldbank"}, {"code": "NIU", "name": "Niue", "region": "Western Pacific", "source": "who"}, {"code": "NRS", "name": "Non-resource rich Sub-Saharan Africa countries", "capital": "", "region": "Aggregates", "income_level": "Aggregates", "source": "worldbank"}, {"code": "NAF", "name": "North Africa", "capital": "", "region": "Aggregates", "income_level": "Aggregates", "source": "worldbank"}, {"code": "NAC", "name": "North America", "capital": "", "region": "Aggregates", "income_level": "Aggregates", "source": "worldbank"}, {"code": "MKD", "name": "North Macedonia", "capital": "Skopje", "region": "Europe & Central Asia", "income_level": "Upper middle income", "source": "worldbank"}, {"code": "MNP", "name": "Northern Mariana Islands", "capital": "Saipan", "region": "East Asia & Pacific", "income_level": "High income", "source": "worldbank"}, {"code": "NOR", "name": "Norway", "capital": "Oslo", "region": "Europe & Central Asia", "income_level": "High income", "source": "worldbank"}, {"code": "INX", "name": "Not classified", "capital": "", "region": "Aggregates", "income_level": "Aggregates", "source": "worldbank"}, {"code": "OED", "name": "OECD members", "capital": "", "region": "Aggregates", "income_level": "Aggregates", "source": "worldbank"}, {"code": "OMN", "name": "Oman", "capital": "Muscat", "region": "Middle East, North Africa, Afghanistan & Pakistan", "income_level": "High income", "source": "worldbank"}, {"code": "OSS", "name": "Other small states", "capital": "", "region": "Aggregates", "income_level": "Aggregates", "source": "worldbank"}, {"code": "PSS", "name": "Pacific island small states", "capital": "", "region": "Aggregates", "income_level": "Aggregates", "source": "worldbank"}, {"code": "PAK", "name": "Pakistan", "capital": "Islamabad", "region": "Middle East, North Africa, Afghanistan & Pakistan", "income_level": "Lower middle income", "source": "worldbank"}, {"code": "PLW", "name": "Palau", "capital": "Koror", "region": "East Asia & Pacific", "income_level": "High income", "source": "worldbank"}, {"code": "PAN", "name": "Panama", "capital": "Panama City", "region": "Latin America & Caribbean ", "income_level": "High income", "source": "worldbank"}, {"code": "PNG", "name": "Papua New Guinea", "capital": "Port Moresby", "region": "East Asia & Pacific", "income_level": "Lower middle income", "source": "worldbank"}, {"code": "PRY", "name": "Paraguay", "capital": "Asuncion", "region": "Latin America & Caribbean ", "income_level": "Upper middle income", "source": "worldbank"}, {"code": "PER", "name": "Peru", "capital": "Lima", "region": "Latin America & Caribbean ", "income_level": "Upper middle income", "source": "worldbank"}, {"code": "PHL", "name": "Philippines", "capital": "Manila", "region": "East Asia & Pacific", "income_level": "Lower middle income", "source": "worldbank"}, {"code": "POL", "name": "Poland", "capital": "Warsaw", "region": "Europe & Central Asia", "income_level": "High income", "source": "worldbank"}, {"code": "PRT", "name": "Portugal", "capital": "Lisbon", "region": "Europe & Central Asia", "income_level": "High income", "source": "worldbank"}, {"code": "PST", "name": "Post-demographic dividend", "capital": "", "region": "Aggregates", "income_level": "Aggregates", "source": "worldbank"}, {"code": "PRE", "name": "Pre-demographic dividend", "capital": "", "region": "Aggregates", "income_level": "Aggregates", "source": "worldbank"}, {"code": "PRS", "name": "Pristina", "region": null, "source": "who"}, {"code": "PRI", "name": "Puerto Rico (US)", "capital": "San Juan", "region": "Latin America & Caribbean ", "income_level": "High income", "source": "worldbank"}, {"code": "QAT", "name": "Qatar", "capital": "Doha", "region": "Middle East, North Africa, Afghanistan & Pakistan", "income_level": "High income", "source": "worldbank"}, {"code": "RRS", "name": "Resource rich Sub-Saharan Africa countries", "capital": "", "region": "Aggregates", "income_level": "Aggregates", "source": "worldbank"}, {"code": "REU", "name": "Reunion", "region": "Africa", "source": "who"}, {"code": "ROU", "name": "Romania", "capital": "Bucharest", "region": "Europe & Central Asia", "income_level": "High income", "source": "worldbank"}, {"code": "RUS", "name": "Russian Federation", "capital": "Moscow", "region": "Europe & Central Asia", "income_level": "High income", "source": "worldbank"}, {"code": "RWA", "name": "Rwanda", "capital": "Kigali", "region": "Sub-Saharan Africa ", "income_level": "Low income", "source": "worldbank"}, {"code": "SHN", "name": "Saint Helena", "region": "Africa", "source": "who"}, {"code": "SPM", "name": "Saint Pierre and Miquelon", "region": "Americas", "source": "who"}, {"code": "WSM", "name": "Samoa", "capital": "Apia", "region": "East Asia & Pacific", "income_level": "Upper middle income", "source": "worldbank"}, {"code": "SMR", "name": "San Marino", "capital": "San Marino", "region": "Europe & Central Asia", "income_level": "High income", "source": "worldbank"}, {"code": "STP", "name": "Sao Tome and Principe", "capital": "Sao Tome", "region": "Sub-Saharan Africa ", "income_level": "Lower middle income", "source": "worldbank"}, {"code": "SAU", "name": "Saudi Arabia", "capital": "Riyadh", "region": "Middle East, North Africa, Afghanistan & Pakistan", "income_level": "High income", "source": "worldbank"}, {"code": "SEN", "name": "Senegal", "capital": "Dakar", "region": "Sub-Saharan Africa ", "income_level": "Lower middle income", "source": "worldbank"}, {"code": "SRB", "name": "Serbia", "capital": "Belgrade", "region": "Europe & Central Asia", "income_level": "Upper middle income", "source": "worldbank"}, {"code": "SYC", "name": "Seychelles", "capital": "Victoria", "region": "Sub-Saharan Africa ", "income_level": "High income", "source": "worldbank"}, {"code": "SLE", "name": "Sierra Leone", "capital": "Freetown", "region": "Sub-Saharan Africa ", "income_level": "Low income", "source": "worldbank"}, {"code": "SGP", "name": "Singapore", "capital": "Singapore", "region": "East Asia & Pacific", "income_level": "High income", "source": "worldbank"}, {"code": "SXM", "name": "Sint Maarten (Dutch part)", "capital": "Philipsburg", "region": "Latin America & Caribbean ", "income_level": "High income", "source": "worldbank"}, {"code": "SVK", "name": "Slovak Republic", "capital": "Bratislava", "region": "Europe & Central Asia", "income_level": "High income", "source": "worldbank"}, {"code": "SVN", "name": "Slovenia", "capital": "Ljubljana", "region": "Europe & Central Asia", "income_level": "High income", "source": "worldbank"}, {"code": "SST", "name": "Small states", "capital": "", "region": "Aggregates", "income_level": "Aggregates", "source": "worldbank"}, {"code": "SLB", "name": "Solomon Islands", "capital": "Honiara", "region": "East Asia & Pacific", "income_level": "Lower middle income", "source": "worldbank"}, {"code": "SOM", "name": "Somalia, Fed. Rep.", "capital": "Mogadishu", "region": "Sub-Saharan Africa ", "income_level": "Low income", "source": "worldbank"}, {"code": "ZAF", "name": "South Africa", "capital": "Pretoria", "region": "Sub-Saharan Africa ", "income_level": "Upper middle income", "source": "worldbank"}, {"code": "SAS", "name": "South Asia", "capital": "", "region": "Aggregates", "income_level": "Aggregates", "source": "worldbank"}, {"code": "TSA", "name": "South Asia (IDA & IBRD)", "capital": "", "region": "Aggregates", "income_level": "Aggregates", "source": "worldbank"}, {"code": "DSA", "name": "South Asia (IDA-eligible countries)", "capital": "", "region": "Aggregates", "income_level": "Aggregates", "source": "worldbank"}, {"code": "CSA", "name": "South Asia (IFC classification)", "capital": "", "region": "Aggregates", "income_level": "Aggregates", "source": "worldbank"}, {"code": "SSD", "name": "South Sudan", "capital": "Juba", "region": "Sub-Saharan Africa ", "income_level": "Low income", "source": "worldbank"}, {"code": "ESP", "name": "Spain", "capital": "Madrid", "region": "Europe & Central Asia", "income_level": "High income", "source": "worldbank"}, {"code": "LKA", "name": "Sri Lanka", "capital": "Colombo", "region": "South Asia", "income_level": "Lower middle income", "source": "worldbank"}, {"code": "KNA", "name": "St. Kitts and Nevis", "capital": "Basseterre", "region": "Latin America & Caribbean ", "income_level": "High income", "source": "worldbank"}, {"code": "LCA", "name": "St. Lucia", "capital": "Castries", "region": "Latin America & Caribbean ", "income_level": "Upper middle income", "source": "worldbank"}, {"code": "MAF", "name": "St. Martin (French part)", "capital": "Marigot", "region": "Latin America & Caribbean ", "income_level": "High income", "source": "worldbank"}, {"code": "VCT", "name": "St. Vincent and the Grenadines", "capital": "Kingstown", "region": "Latin America & Caribbean ", "income_level": "Upper middle income", "source": "worldbank"}, {"code": "SSF", "name": "Sub-Saharan Africa ", "capital": "", "region": "Aggregates", "income_level": "Aggregates", "source": "worldbank"}, {"code": "BSS", "name": "Sub-Saharan Africa (IBRD-only countries)", "capital": "", "region": "Aggregates", "income_level": "Aggregates", "source": "worldbank"}, {"code": "TSS", "name": "Sub-Saharan Africa (IDA & IBRD countries)", "capital": "", "region": "Aggregates", "income_level": "Aggregates", "source": "worldbank"}, {"code": "DSS", "name": "Sub-Saharan Africa (IDA-eligible countries)", "capital": "", "region": "Aggregates", "income_level": "Aggregates", "source": "worldbank"}, {"code": "CAA", "name": "Sub-Saharan Africa (IFC classification)", "capital": "", "region": "Aggregates", "income_level": "Aggregates", "source": "worldbank"}, {"code": "SSA", "name": "Sub-Saharan Africa (excluding high income)", "capital": "", "region": "Aggregates", "income_level": "Aggregates", "source": "worldbank"}, {"code": "SXZ", "name": "Sub-Saharan Africa excluding South Africa", "capital": "", "region": "Aggregates", "income_level": "Aggregates", "source": "worldbank"}, {"code": "XZN", "name": "Sub-Saharan Africa excluding South Africa and Nigeria", "capital": "", "region": "Aggregates", "income_level": "Aggregates", "source": "worldbank"}, {"code": "SDN", "name": "Sudan", "capital": "Khartoum", "region": "Sub-Saharan Africa ", "income_level": "Low income", "source": "worldbank"}, {"code": "SDN736", "name": "Sudan (former)", "region": "Eastern Mediterranean", "source": "who"}, {"code": "SUR", "name": "Suriname", "capital": "Paramaribo", "region": "Latin America & Caribbean ", "income_level": "Upper middle income", "source": "worldbank"}, {"code": "SWE", "name": "Sweden", "capital": "Stockholm", "region": "Europe & Central Asia", "income_level": "High income", "source": "worldbank"}, {"code": "CHE", "name": "Switzerland", "capital": "Bern", "region": "Europe & Central Asia", "income_level": "High income", "source": "worldbank"}, {"code": "SYR", "name": "Syrian Arab Republic", "capital": "Damascus", "region": "Middle East, North Africa, Afghanistan & Pakistan", "income_level": "Low income", "source": "worldbank"}, {"code": "TJK", "name": "Tajikistan", "capital": "Dushanbe", "region": "Europe & Central Asia", "income_level": "Lower middle income", "source": "worldbank"}, {"code": "TZA", "name": "Tanzania", "capital": "Dodoma", "region": "Sub-Saharan Africa ", "income_level": "Lower middle income", "source": "worldbank"}, {"code": "THA", "name": "Thailand", "capital": "Bangkok", "region": "East Asia & Pacific", "income_level": "Upper middle income", "source": "worldbank"}, {"code": "ME1", "name": "The former state union Serbia and Montenegro", "region": null, "source": "who"}, {"code": "TLS", "name": "Timor-Leste", "capital": "Dili", "region": "East Asia & Pacific", "income_level": "Lower middle income", "source": "worldbank"}, {"code": "TGO", "name": "Togo", "capital": "Lome", "region": "Sub-Saharan Africa ", "income_level": "Low income", "source": "worldbank"}, {"code": "TKL", "name": "Tokelau", "region": "Western Pacific", "source": "who"}, {"code": "TON", "name": "Tonga", "capital": "Nuku'alofa", "region": "East Asia & Pacific", "income_level": "Upper middle income", "source": "worldbank"}, {"code": "TTO", "name": "Trinidad and Tobago", "capital": "Port-of-Spain", "region": "Latin America & Caribbean ", "income_level": "High income", "source": "worldbank"}, {"code": "TUN", "name": "Tunisia", "capital": "Tunis", "region": "Middle East, North Africa, Afghanistan & Pakistan", "income_level": "Lower middle income", "source": "worldbank"}, {"code": "TUR", "name": "Turkiye", "capital": "Ankara", "region": "Europe & Central Asia", "income_level": "Upper middle income", "source": "worldbank"}, {"code": "TKM", "name": "Turkmenistan", "capital": "Ashgabat", "region": "Europe & Central Asia", "income_level": "Upper middle income", "source": "worldbank"}, {"code": "TCA", "name": "Turks and Caicos Islands", "capital": "Grand Turk", "region": "Latin America & Caribbean ", "income_level": "High income", "source": "worldbank"}, {"code": "TUV", "name": "Tuvalu", "capital": "Funafuti", "region": "East Asia & Pacific", "income_level": "Upper middle income", "source": "worldbank"}, {"code": "UGA", "name": "Uganda", "capital": "Kampala", "region": "Sub-Saharan Africa ", "income_level": "Low income", "source": "worldbank"}, {"code": "UKR", "name": "Ukraine", "capital": "Kiev", "region": "Europe & Central Asia", "income_level": "Upper middle income", "source": "worldbank"}, {"code": "ARE", "name": "United Arab Emirates", "capital": "Abu Dhabi", "region": "Middle East, North Africa, Afghanistan & Pakistan", "income_level": "High income", "source": "worldbank"}, {"code": "GBR", "name": "United Kingdom", "capital": "London", "region": "Europe & Central Asia", "income_level": "High income", "source": "worldbank"}, {"code": "USA", "name": "United States", "capital": "Washington D.C.", "region": "North America", "income_level": "High income", "source": "worldbank"}, {"code": "UMC", "name": "Upper middle income", "capital": "", "region": "Aggregates", "income_level": "Aggregates", "source": "worldbank"}, {"code": "URY", "name": "Uruguay", "capital": "Montevideo", "region": "Latin America & Caribbean ", "income_level": "High income", "source": "worldbank"}, {"code": "UZB", "name": "Uzbekistan", "capital": "Tashkent", "region": "Europe & Central Asia", "income_level": "Lower middle income", "source": "worldbank"}, {"code": "VUT", "name": "Vanuatu", "capital": "Port-Vila", "region": "East Asia & Pacific", "income_level": "Lower middle income", "source": "worldbank"}, {"code": "VEN", "name": "Venezuela, RB", "capital": "Caracas", "region": "Latin America & Caribbean ", "income_level": "Not classified", "source": "worldbank"}, {"code": "VNM", "name": "Viet Nam", "capital": "Hanoi", "region": "East Asia & Pacific", "income_level": "Lower middle income", "source": "worldbank"}, {"code": "VIR", "name": "Virgin Islands (U.S.)", "capital": "Charlotte Amalie", "region": "Latin America & Caribbean ", "income_level": "High income", "source": "worldbank"}, {"code": "WLF", "name": "Wallis and Futuna Islands", "region": "Western Pacific", "source": "who"}, {"code": "PSE", "name": "West Bank and Gaza", "capital": "", "region": "Middle East, North Africa, Afghanistan & Pakistan", "income_level": "Lower middle income", "source": "worldbank"}, {"code": "WLD", "name": "World", "capital": "", "region": "Aggregates", "income_level": "Aggregates", "source": "worldbank"}, {"code": "YEM", "name": "Yemen, Rep.", "capital": "Sana'a", "region": "Middle East, North Africa, Afghanistan & Pakistan", "income_level": "Low income", "source": "worldbank"}, {"code": "ZMB", "name": "Zambia", "capital": "Lusaka", "region": "Sub-Saharan Africa ", "income_level": "Lower middle income", "source": "worldbank"}, {"code": "ZWE", "name": "Zimbabwe", "capital": "Harare", "region": "Sub-Saharan Africa ", "income_level": "Lower middle income", "source": "worldbank"}], "created_at": 1766774943.709395, "expires_at": 1767379743.709395, "key": "plot_service:countries:all"}